{"model_names": ["ground_truth", "gecco"], "view_list": [{"scene_name": "e0eb9f5421ef2c4584904c716bc3b619", "fov": 49.45021938205401, "depth_min": 1.2518318891525269, "depth_max": 1.877959966659546}]}
